image,date,gtfgloss,boxfgloss,fg1loss,fg2loss,fg3loss,fg4loss,gtbgloss,boxbgloss,bg1loss,bg2loss,bg3loss,bg4loss,bigloss
20200810_clip_0_0944_img_5,20200810,0.002594592631086415,0.0012649802314803511,0.0012867913543576953,0.00126928778247694,0.002000448997326799,0.0018465413140527952,0.004733101054281166,0.004708105812316488,0.0047611732968891535,0.0047603863977084245,0.004726104324248133,0.00474022994210677,0.004702866077423096
20200810_clip_11_1452_img_115,20200810,0.007927448540273531,0.0015468454844523819,0.007002603394369106,0.006871586867865934,0.007358980104397843,0.0070342855761774325,0.006868296687085617,0.006968938890631853,0.006912348861324164,0.0069268750743202955,0.006888563382399617,0.006913756258241265,0.006926240865141153
20200810_clip_19_1828_img_115,20200810,0.005906353391728305,0.002031223806958416,0.003044889198577325,0.001660186089778699,0.002781231850491792,0.0030002802371959536,0.005012901476572547,0.005038866250775873,0.005058748858428601,0.0050547393335493565,0.005073154700222775,0.005049325417461554,0.005030043888837099
20200810_clip_23_2012_img_5,20200810,0.008175769421371534,0.0032794650261218973,0.004244807625009073,0.004165441007116457,0.004438302215209813,0.004917644193180422,0.003945048620696369,0.003999151677861619,0.004056944452970519,0.00406103687940395,0.0040509584564387595,0.004035396338656557,0.00406933669000864
20200810_clip_31_2356_img_115,20200810,0.002655747817912153,0.001558192240636327,0.002966443628183983,0.0018195223008973728,0.00250722739213928,0.0020895813883544333,0.0029003185925814837,0.0029012407848418536,0.002895801779927349,0.0029115043668899335,0.0029004851687978736,0.002904274140149974,0.002897256053984165
20200811_clip_0_0000_img_5,20200811,0.004355116978155712,0.0020963349397977527,0.002401371878340822,0.002868778536905438,0.0036842238052956955,0.002660171761803971,0.0028867038123606024,0.002895954450748007,0.0028986747213247286,0.002895775382195641,0.0028899705841223763,0.0028967107573098084,0.002895785728469491
20200811_clip_15_0638_img_5,20200811,0.0053907049451078414,0.003411930509071435,0.0021722958212793977,0.0021846160417622095,0.0039720421626205935,0.003364162587831137,0.0025741906792268333,0.0025794758529554393,0.002615519364274592,0.002616770895910032,0.002590998458986795,0.002594396639581152,0.0026033702306449413
20200811_clip_20_0858_img_5,20200811,0.003774856351546777,0.001552032434436368,0.0022380052946926947,0.002544985544011419,0.0023421841947920473,0.002365542916967446,0.0030918940548173724,0.0030940235160356517,0.003101039092693043,0.0030980736030011796,0.0030989565439220926,0.0030978749204514005,0.00309377140365541
20200811_clip_37_1610_img_115,20200811,0.004793029283853853,0.0,0.0094599204932093,0.009664463012433287,0.005515927406518992,0.006724958889776529,0.007137558516158615,0.007060801534979201,0.006920880233578832,0.006904989078428908,0.007124994055609923,0.007068258803364557,0.007060801610350609
20200811_clip_53_2327_img_115,20200811,0.005136781306339293,0.0018306239454791932,0.0029194089923607197,0.0026438470230369508,0.0025235487953038844,0.0029043608429759975,0.0026170463329602627,0.00264611817058841,0.0026483011770445314,0.0026599647870630396,0.002665226063372496,0.0026504976282047937,0.0026605178136378527
20200812_clip_0_0000_img_5,20200812,0.006145279087273381,0.00428680073206712,0.0016190450587602262,0.000976380401582331,0.002823401620673566,0.0024900337434624,0.0028942390272853656,0.0028933611307408163,0.0029224471591324263,0.0029232578832745857,0.0029136198640862705,0.002914266639667581,0.0029135351069271564
20200812_clip_15_0656_img_88,20200812,0.007200576447777402,0.0035493826960316197,0.0029687701935801098,0.0036195344855121554,0.004730647684142056,0.004354433275878377,0.0027743615889251495,0.0027769467410174095,0.0027910153537478648,0.0027815004915166404,0.0027819560769086786,0.002781538046913896,0.002794221043586731
20200812_clip_32_1420_img_115,20200812,0.00434657922682055,0.0007823041257406173,0.0037595026162330725,0.0031708926828204072,0.0055279701945505225,0.0075398258490387265,0.0050720402059185625,0.005108935165010957,0.005112103588440449,0.005150878042530896,0.0050167668015000146,0.00490789003651958,0.005046734120696783
20200812_clip_43_1902_img_5,20200812,0.00689173709234651,0.003935359310385051,0.005102245337582496,0.004208135375463977,0.003487425257456561,0.0032873791135888584,0.00510330683704024,0.005156783063895971,0.005157214911258421,0.005192547955842684,0.005214650379536509,0.005206919072748089,0.005157842300832272
20200812_clip_54_2350_img_115,20200812,0.0044314503588888466,0.00321197496814113,0.003125907962251921,0.0028032736831437137,0.004142332335597754,0.0035871010701444494,0.0030335234807264628,0.0030542683851877395,0.0030737160700089004,0.0030821389954000756,0.003059187758019913,0.0030668337397052876,0.0030753579922020435
20200813_clip_0_0000_img_5,20200813,0.006280950036158973,0.0,0.006843056087617481,0.0062187578162338315,0.005626748724673007,0.004934196917152351,0.0031524720448369943,0.0031764253393344,0.003151784747983921,0.003155150042887705,0.0031572201565259685,0.0031624931487623273,0.003176425350829959
20200813_clip_16_0709_img_115,20200813,0.005563709711650566,0.003026141213272995,0.004082225934417696,0.004647004012191198,0.006840690027511999,0.005186417499322824,0.003192478050323617,0.0032266508833706394,0.003134710654674907,0.003057618119646521,0.0031983697307197737,0.003186971117487046,0.003240359714254737
20200813_clip_33_1435_img_115,20200813,0.006594935869435175,0.0003611580541387404,0.005126642008646103,0.005398606030428624,0.005029097868006609,0.005359815123026767,0.006678963599682098,0.006705171418282232,0.006747730001373422,0.006733223977522705,0.006734723515966884,0.00671519313169627,0.006679616402834654
20200813_clip_42_1839_img_115,20200813,0.00422140350159516,0.0014294598276832367,0.0018963763525466776,0.0014397807768345978,0.0025351945133942257,0.0014886476745664943,0.004677770356309611,0.0046871818587763195,0.004715280363397776,0.004721418492917579,0.004717523965882238,0.0047330964155946524,0.0046594589948654175
20200813_clip_54_2348_img_115,20200813,0.014144085319471865,0.010103581903549569,0.013558627164048067,0.014401135658267714,0.01941737827441753,0.01412845556369596,0.003171691420164973,0.0031850869681898947,0.0031813200378390826,0.003167863807822858,0.003172440230633529,0.0031868205942734585,0.003483098465949297
20200814_clip_0_0000_img_5,20200814,0.0,0.0,0.005564852134441961,0.0,0.006469753474679431,0.006063638601735613,0.003274067129600803,0.003274067129600803,0.003264702731099561,0.003274067129600803,0.0032501244298028652,0.0032634145176167148,0.003274067072197795
20200814_clip_16_0703_img_115,20200814,0.010937003019292974,0.003206164535862349,0.005791748426754654,0.011873244724609893,0.009051431388316614,0.007653945896452267,0.003817822798485486,0.0038281928534619884,0.00383869094260731,0.0038197950703823427,0.003836644685681097,0.0038394397326591825,0.003853148315101862
20200814_clip_30_1311_img_115,20200814,0.00844552997173959,0.006297037246474047,0.0066827951469066406,0.0068727463698464416,0.005957883662466778,0.005920143189370802,0.006640693921086774,0.006673488823134873,0.006711576695126993,0.006704159837024484,0.006739153968428986,0.006731310810656219,0.006713610142469406
20200814_clip_41_1808_img_5,20200814,0.004117765620456073,0.0015790566525885888,0.002626447129164145,0.0024093257047640287,0.003325989923246344,0.002327095748864375,0.005058504334970819,0.005077847626604367,0.005124762998591311,0.0051134940247680016,0.005089683619489399,0.0051029417949129624,0.005043912213295698
20200814_clip_54_2347_img_115,20200814,0.0031830951401744184,0.00235101758684707,0.002775138421566705,0.0027051402498760478,0.003487095329536118,0.0030209877210080867,0.003232397146894792,0.003218601522564725,0.0032559448488561054,0.0032645360271259267,0.0032210382018544354,0.0032373893583166665,0.0032317298464477062
20200815_clip_0_0000_img_5,20200815,0.005419977948243356,0.0020824998171889773,0.003896447711970487,0.00404067072316661,0.0041282305279403,0.0034254616224809607,0.0032633135744660783,0.003280512310244866,0.0032834741526258115,0.0032820419435748904,0.003278010609630958,0.0032909782244892193,0.0032931838650256395
20200815_clip_19_0837_img_5,20200815,0.007206209088061819,0.006573964939083703,0.0011183632674302843,0.0006980503638340411,0.0007179849155293094,0.0014967467639258145,0.0021716751386698764,0.0021709182604482727,0.0021937085547967796,0.0022001992624163837,0.002190704892036112,0.0021906892024636934,0.0021893030498176813
20200815_clip_30_1344_img_115,20200815,0.008331798687674448,0.005234956468008878,0.0068959052929352775,0.00681305487957695,0.00759787833160554,0.008001049121513023,0.007775815779777504,0.007785736765792488,0.007860647275432439,0.007872283310284054,0.0078026918162219456,0.0077896744198102715,0.007799433544278145
20200815_clip_41_1839_img_5,20200815,0.004281500989942101,0.0019680006580365655,0.003080604498283592,0.002431434961233388,0.003128817899173111,0.0025895353647256013,0.004218329422450761,0.004229022088416539,0.004259853821641325,0.004267036353968677,0.004254777408628344,0.004257694345281234,0.004221071023494005
20200815_clip_53_2349_img_115,20200815,0.01643265850432617,0.008271698863699876,0.005640973982065387,0.004310652262020186,0.015151305155974501,0.016722199525895386,0.0032631293869576443,0.0033039929547634683,0.0034577834590268784,0.0034804384156585525,0.0032431886370416175,0.0032310208263675194,0.003495721612125635
20200816_clip_0_0000_img_5,20200816,0.00694106774963161,0.0037255870215204103,0.005308828621936197,0.004643928204425823,0.005823252614245821,0.005402308627051633,0.0031341794186072153,0.0031765034675880276,0.0032042120158269154,0.0032338001621930357,0.003198164807833453,0.003231704575588942,0.003317534923553467
20200816_clip_12_0509_img_115,20200816,0.00024758691324179067,0.0,0.00015557937535666107,0.00022823088300090382,0.000267963382510891,0.0002044571757005666,0.000594481806962078,0.0005919449715869058,0.0005936320357232372,0.0005924931242862093,0.0005923542479150703,0.0005934204364325922,0.0005919449613429606
20200816_clip_18_0757_img_101,20200816,0.0,0.001525418250451399,0.0,0.0,0.001157482702302685,0.0019364976370314338,0.004550333648116905,0.004545078831057462,0.004550333648116905,0.004550333648116905,0.004557084189754625,0.004552998515313963,0.004550333600491285
20200816_clip_22_0949_img_5,20200816,0.006189003732605292,0.0028371331521574662,0.006011955121284528,0.06614918116746332,0.0019347028342870329,0.0011188178906848297,0.0041490356673224765,0.004148003268874767,0.004144924984950902,0.004137248095210664,0.004166021366063031,0.004183267580350979,0.004154171794652939
20200816_clip_34_1523_img_115,20200816,0.0061779402881541766,0.0018096277478990685,0.005230650417137484,0.005781673470062843,0.0037128397762569722,0.0038792153953150135,0.006128399736410238,0.006137349423719752,0.006171819121133732,0.006144901464089427,0.006196941173290696,0.006160368135023037,0.006133878603577614
20200817_clip_0_0941_img_5,20200817,0.0017634653155224763,0.0008792909410626428,0.004053580146393943,0.003810036422538123,0.003571940850036783,0.0034273223446008964,0.003817521923010649,0.0038330196410833253,0.0037905425522143685,0.0037985743681271233,0.0038049464664754425,0.0038102164603372097,0.0038007486145943403
20200817_clip_12_1504_img_36,20200817,0.004829619094833081,0.0032523625365615447,0.006927067553752899,0.008014130498658302,0.0028302011081592295,0.003204223593631405,0.005631392035144245,0.00560495918121987,0.005471941736340555,0.005363891813760748,0.005746878493545351,0.005704803961302276,0.005601950921118259
20200817_clip_19_1812_img_115,20200817,0.0030055141246332663,0.0014030592532030919,0.005055534943568847,0.005874992075926396,0.0032664999048829723,0.002838265697573202,0.005466554859707786,0.005451148481799216,0.00538743613073281,0.005332935957669774,0.005463271008328384,0.005452137201515757,0.005369427613914013
20200817_clip_23_2004_img_115,20200817,0.004416136802282382,0.002410339030021266,0.004115220035685145,0.0038031544188432374,0.003375973099975623,0.003440766990285094,0.003081426964472337,0.0031057674196572683,0.0030967360538762885,0.003121208566655567,0.0031474875829631825,0.0031376922321115033,0.003172017866745591
20200817_clip_31_2337_img_115,20200817,0.0,0.0,0.00859841327806775,0.008942729385532937,0.00589996882339039,0.005966778051990357,0.003018941589557333,0.003018941589557333,0.002976808519373819,0.002971454058750207,0.0029965563894398784,0.00301138967700673,0.0030189414974302053
20200818_clip_0_0000_img_5,20200818,0.007345183338496865,0.000824761688100031,0.004088354765731112,0.008265300845866807,0.0028808709711639407,0.0034724851235597397,0.0030177573764569895,0.0030270340531390024,0.0030198684646410403,0.002992434140266355,0.0030282646643530918,0.003026172164140312,0.0030279080383479595
20200818_clip_10_0440_img_115,20200818,0.0,0.0,0.007997681887065077,0.007240305359214409,0.009034060445237663,0.014344501879515607,0.0027371918136959742,0.0027371918136959742,0.0027028477393192963,0.0027063699453699977,0.0027064006294873497,0.0027119340109292623,0.002737191738560796
20200818_clip_13_1547_img_5,20200818,0.0076430577161661255,0.0034062089539118414,0.004484444738532236,0.004632214505649209,0.00644575265760513,0.006721822076758161,0.0035194030477680625,0.0035658379296378273,0.003641367500965326,0.0036288789817358062,0.003583345984135111,0.003549215507657728,0.0036971953231841326
20200818_clip_20_1903_img_5,20200818,0.0,0.0007550252323106778,0.003629167797527864,0.002939461231484243,0.0033733983015372484,0.0028327869909669304,0.0027942180056384058,0.002788894519991946,0.0027853298458825402,0.0027924292905572036,0.002787994323709377,0.0027934844806527196,0.0027942180167883635
20200818_clip_31_2359_img_59,20200818,0.0038901711601478394,0.0027703026675229237,0.004388012372539907,0.003726633936279699,0.003446912602858299,0.0035151504379632033,0.0021291946627401094,0.002130384737596547,0.002116425221016412,0.0021352017907755676,0.002154886433920845,0.0021422999175087208,0.002194784814491868
20200819_clip_0_0000_img_5,20200819,0.004103125219995456,0.002769887644068094,0.0027128551298614165,0.0024732640183161036,0.0031984905825579945,0.002705958727578815,0.00207524822678098,0.002079801057671983,0.0021201210001526812,0.00212567025822428,0.002112909222140723,0.002126403522671835,0.002137742005288601
20200819_clip_20_0917_img_35,20200819,0.007204823885873956,0.0036642914507299625,0.0003102592916280694,0.00035048005134825623,0.0002227443152242678,0.0001424263690835538,0.001904422746324552,0.001907388732662873,0.0019205537409780536,0.0019214507021255553,0.001918053258904644,0.0019201904930178295,0.0019156425260007381
20200819_clip_34_1531_img_115,20200819,0.003921032244084886,0.0,0.006187497475894043,0.006050338489490954,0.0037034478958846706,0.0031526885070121856,0.004716388209762802,0.004703322490218655,0.004647245184423567,0.0046365167667137995,0.004733427584468001,0.004756912465592094,0.004703322425484657
20200819_clip_41_1847_img_115,20200819,0.0014587079108802862,0.0009496143924032344,0.0018218284420333235,0.002464283209444523,0.001450571436108901,0.0013348014069359385,0.003472619977001958,0.0034747194920726585,0.003485054262951112,0.0034519612301721924,0.0034529212775169615,0.0034549917738808805,0.003408634103834629
20200819_clip_52_2334_img_115,20200819,0.0,0.0,0.0,0.0,0.0022352182172909996,0.004252039845591023,0.0026610918594952354,0.0026610918594952354,0.0026610918594952354,0.0026610918594952354,0.0026614084848101726,0.0026591878314382346,0.002661091974005103
20200820_clip_0_0000_img_5,20200820,0.0031384970663085186,0.0016592476804303984,0.0026028837052748865,0.0021394067166209197,0.0029623601422304937,0.001867282951098324,0.0026938522367615397,0.0026921466707967106,0.002696864729380163,0.0027026407383624923,0.0026933903144606653,0.0027012335014802826,0.0026961895637214184
20200820_clip_12_0535_img_115,20200820,0.002527306449619527,0.0016767830189283763,0.0011492096332520092,0.0007486113521057536,0.0017928786514550194,0.0009059026314437216,0.0023712744789605093,0.0023738198000953473,0.0023894050932838236,0.0024013932139906836,0.002376047573869449,0.002387463854351463,0.0023733344860374928
20200820_clip_17_0755_img_5,20200820,0.0,0.00074816609684907,0.005320752656853898,0.004541458740011092,0.0035017143514999346,0.0031965556700857085,0.001724618037086055,0.0017188549008881756,0.0016247437357685102,0.0016469298858907161,0.001708287698797455,0.001711029278277373,0.0017246180213987827
20200820_clip_33_1450_img_26,20200820,0.003842061398579432,0.0027643423156232566,0.0036860011493625184,0.00345208154952222,0.0032265656207210395,0.003946000576758145,0.0016123850479611058,0.001613128128094679,0.0015954226888737226,0.0015950131562816005,0.00160314257751138,0.0016005135922203854,0.0016349658835679293
20200820_clip_49_2201_img_115,20200820,0.0063346894757726774,0.004248216894821963,0.0037256879222317164,0.003139401710722007,0.0040388148730498745,0.004475232058064864,0.0011707407904437282,0.0012101710734038918,0.0012602535858162421,0.0012639868130864707,0.001252082415339822,0.001244158088914789,0.0012971342075616121
20200821_clip_0_0000_img_5,20200821,0.008160214036140732,0.004254994858120187,0.003148718653562831,0.002351631128367456,0.005061917403037855,0.0034481727878222365,0.002678012260035774,0.002691105973499231,0.002727827637651504,0.0027403280520284777,0.002709830258098021,0.002723906850512715,0.0027343216352164745
20200821_clip_24_1059_img_115,20200821,0.003986775392383842,0.002690288480654537,0.0017765946265910595,0.001087131953635189,0.002238848608968714,0.002306329432659985,0.0008144930827480917,0.0008150639174495257,0.000814983349487663,0.0008212727071408854,0.0008157027526504935,0.0008176670198844319,0.0008241121540777385
20200821_clip_34_1539_img_115,20200821,0.0032418584360036275,0.001685862636316779,0.002826840522623367,0.002809444818036335,0.004124583450372248,0.002568378435972448,0.0037896253689824206,0.003798388938579062,0.003803076982343324,0.003807976706702106,0.003771465129818078,0.0038049346111959917,0.003780771279707551
20200821_clip_39_1740_img_115,20200821,0.004823107910123168,0.005375509493995373,0.00520022564436374,0.0059508921423630096,0.005704760804648196,0.005310424270765033,0.004618402322646972,0.004582483701031634,0.004596761666005885,0.004555238110638886,0.004569072481428389,0.004601681178306202,0.0046285889111459255
20200821_clip_53_2351_img_115,20200821,0.010777006817679435,0.005341408570745905,0.008001131928232217,0.008416937908342075,0.00879221035484938,0.008125446383518793,0.0036145338690870823,0.0036355372121181337,0.0035738476660033707,0.0035561464509614718,0.003564551982270797,0.0035996123223142624,0.0036578774452209473
20200822_clip_0_0000_img_5,20200822,0.010449549703557203,0.002824873699044226,0.009712891511980458,0.008855236888084091,0.011065434913667183,0.008588026955491865,0.0036150926363951274,0.0036697843896467404,0.003552816953340049,0.0035569474930256676,0.0035625113263884627,0.003621665066836758,0.0036967997439205647
20200822_clip_33_1443_img_115,20200822,0.006508500179379458,0.005555452538296861,0.004942731030309956,0.005020722231682011,0.008143607543855598,0.007340240775432578,0.0048146739357699435,0.004741041911229528,0.004933968332896393,0.0049258886563053935,0.004665552638726906,0.0047497502017011676,0.004938954021781683
20200822_clip_34_1511_img_115,20200822,0.0051008546097579145,0.0031825081234065104,0.003694653346645867,0.003616318113986491,0.003977103043009552,0.0037378029036366192,0.003272810195687308,0.003283676118080273,0.0033330545555315164,0.0033359227599697263,0.003318643688525292,0.0033398151846124294,0.003356915432959795
20200822_clip_53_2344_img_115,20200822,0.0,0.0,0.006379620432360509,0.005505930721385309,0.006714094024333687,0.006413713247218116,0.0020991010503420304,0.0020991010503420304,0.002083677492583855,0.0020870548733920666,0.002086033510033677,0.0020912887946974543,0.0020991009660065174
20200823_clip_0_0000_img_5,20200823,0.006692602577838469,0.0022065971000987663,0.0024207582646222094,0.0021518200886944017,0.0027755709060848705,0.0021247289109240313,0.002544813926829143,0.0025445987617404,0.002564209168335964,0.002572915244370116,0.002554661942767268,0.0025733738225313385,0.0025607470888644457
20200823_clip_33_1433_img_115,20200823,0.007637518106879725,0.0031321608010892238,0.003864823238523832,0.004221234274036933,0.004139404005076335,0.0038181622533826997,0.003911315408166612,0.004013429220061428,0.0040478091374628695,0.004030085554183248,0.0040360108377127035,0.0040452113836376554,0.004042267333716154
20200823_clip_39_1721_img_115,20200823,0.0065736517803908785,0.003669986185606515,0.004388379964698931,0.004489634915506124,0.004001137001171263,0.0035306855704060835,0.004853006943925218,0.0049429118786079845,0.004970004562339006,0.004964918974567666,0.004977458724172361,0.004988271513352591,0.004936260171234608
20200823_clip_51_2240_img_115,20200823,0.004924602640549267,0.004109846330622238,0.0030016567424603984,0.0035100945097225346,0.004966293589555463,0.0011385129540666516,0.003245267344044488,0.003243449487346533,0.003286247342706883,0.00327574455606458,0.0032644850916003936,0.0033496792884648895,0.0032813185825943947
20200824_clip_0_0000_img_5,20200824,0.0,0.0,0.021439244857724634,0.029834974796511062,0.0008203312374463478,0.0006975930460105451,0.0030060195233396563,0.0030060195233396563,0.0029560201317109045,0.0029713312124736136,0.0030096293759969083,0.0030073128315765006,0.0030060196295380592
20200824_clip_11_0442_img_115,20200824,0.006116262585085251,0.0034582675327008514,0.0026891284479904592,0.002353359162629167,0.0021179528672547673,0.004931574396022499,0.0025237600741881603,0.00252564277563822,0.0025297579816478837,0.002533204806107369,0.002533776367618771,0.0025255404375335005,0.002531476318836212
20200824_clip_27_1142_img_115,20200824,0.003754955728462006,0.0005245867265499596,0.001142361376349396,0.0,0.0026850912780199457,0.002099521984549112,0.003816321432153932,0.0038323085072760558,0.003821127763689186,0.0038159106030221405,0.0038236770596440563,0.0038262499624856974,0.0038159105461090803
20200824_clip_45_1938_img_115,20200824,0.006872333269253413,0.003920140492397202,0.0024756246295343106,0.0031492604971837383,0.007323388149325274,0.005972737029090143,0.0037234613015191256,0.003727778966481018,0.003867059584579881,0.003847114173264568,0.003702216412346494,0.003743733895645665,0.003822039347141981
20200825_clip_0_1216_img_5,20200825,0.003381558910938988,0.001396443090745413,0.005817908367322494,0.00604083715985716,0.0026333967781950593,0.003490414145137543,0.003476155801197563,0.003475490567161275,0.0034052188275153807,0.003415169893392897,0.003504911084707494,0.0034731431127097627,0.0034754525404423475
20200825_clip_12_1748_img_5,20200825,0.006443688477108954,0.0035581903351713517,0.004692838099646573,0.004761047920554609,0.00656056924361082,0.005531577219007415,0.005157700665307621,0.00521142650266645,0.005272562829464053,0.005270796532441325,0.005177325327649124,0.005222745135884663,0.005238975863903761
20200825_clip_25_2345_img_115,20200825,0.004460779024680956,0.0013852593362389826,0.006379086103464153,0.0011758242333028944,0.007275615631626252,0.0004817169199418261,0.0021495837034902084,0.0021504732289434106,0.002131603229773837,0.002157247935233505,0.0021332229751127784,0.002156907550349812,0.0021531437523663044
20200825_clip_9_1628_img_115,20200825,0.006138890682231229,0.0028979014769780114,0.004599805970175687,0.0043500695943859465,0.004115874627995103,0.00366753086815037,0.004899554303278016,0.0048957264315625994,0.004930432191781429,0.0049413939365898244,0.004946495540643844,0.004954848722062447,0.004920538980513811
20200826_clip_0_0000_img_5,20200826,0.0,0.0,0.00027312811677605256,0.0,1.7848612581190593e-08,0.002738537361219474,0.0021126813891522217,0.0021126813891522217,0.0021152278361696074,0.0021126813891522217,0.0021141281696972296,0.0021124351311002155,0.0021126812789589167
20200826_clip_20_0920_img_115,20200826,0.006124263754285539,0.003437846755362203,0.002310348872061902,0.0019060841144959977,0.002787994813006951,0.002079478528579739,0.001957194345529038,0.0019631661226281742,0.002024535209170705,0.0020319814591818414,0.0020177720469236647,0.0020283875303339916,0.0020303416531533003
20200826_clip_32_1452_img_5,20200826,0.009601593009379662,0.005618553363676793,0.002432451603795737,0.002197294799674097,0.003485379893899101,0.004492970621899194,0.002311526369280239,0.002320376471486236,0.0023621205246673297,0.0023692457622166807,0.0023513578736114823,0.0023434210752245215,0.0023648394271731377
20200826_clip_51_2336_img_115,20200826,0.0,0.0,0.0037585754321180108,0.0,0.005337390662049042,0.0029065333908540386,0.0018011327402729811,0.0018011327402729811,0.0017972855156726149,0.0018011327402729811,0.0017978867436552152,0.0017993256079835537,0.0018011326901614666
20200827_clip_0_0000_img_5,20200827,0.0,0.0,0.0,0.0,0.0009118121704074296,0.0007712000495659398,0.0016499619778089513,0.0016499619778089513,0.0016499619778089513,0.0016499619778089513,0.0016503742888562586,0.0016501714125406863,0.0016499619232490659
20200827_clip_31_1404_img_115,20200827,0.0038118085224515858,0.0009868799090537032,0.0030175204236667246,0.0034362288154795653,0.004197630587183432,0.003611891201557487,0.0028802564689033115,0.0029316425481957175,0.0028965984114887175,0.0028861386461073685,0.002872653242276582,0.0028818099407303143,0.002901010448113084
20200827_clip_40_1759_img_62,20200827,0.004905083325435781,0.0027568958992421296,0.0027979248302855524,0.0026679195745753074,0.0032386954390882456,0.003007218025596036,0.0027803864322174334,0.002828363537857765,0.0028906319260092457,0.002901987875472215,0.0028732303496688525,0.002881333350642274,0.00288768601603806
20200827_clip_53_2349_img_115,20200827,0.0,0.0,0.0015556881080030182,0.0,0.002630389817228541,0.0007096028910724054,0.0025003695906883005,0.0025003695906883005,0.0025017012924668652,0.0025003695906883005,0.002499897120171706,0.0025028017542550966,0.002500369679182768
20200828_clip_0_0000_img_5,20200828,0.00522184749260522,0.004144950522325985,0.0027491964098587487,0.0025710403832717027,0.002658341703756965,0.0026955406194954655,0.0025100158716955716,0.0025091136181802916,0.002533092143413521,0.0025345781006367103,0.0025336384107302475,0.002533336999152995,0.002535065868869424
20200828_clip_17_0731_img_115,20200828,0.004543164490521658,0.0029688191187176812,0.003786760159104855,0.002891745534975899,0.0030461300079230196,0.0028868344492554866,0.0020962530673744348,0.002097133024809278,0.0020870563311937455,0.002099454045759328,0.002104822222093368,0.0021070220484166605,0.002113503636792302
20200828_clip_24_1047_img_5,20200828,0.0,0.00034865009679446886,0.0016521512264782829,0.0019973322073911478,0.0026382526732134275,0.002981798215096146,0.0022694736146715473,0.002271143605992976,0.002275640660694919,0.0022718084614963196,0.0022664732492368275,0.0022651630367656692,0.0022694736253470182
20200828_clip_53_2347_img_115,20200828,0.0,0.0,0.0009585776767640238,0.0,1.559295554153726e-08,0.00013508923046962724,0.0011111849701953345,0.0011111849701953345,0.0011112668756738757,0.0011111849701953345,0.001111674070308088,0.0011118945550531486,0.0011111849453300238
20200829_clip_0_0000_img_5,20200829,0.0,0.0,0.0002013347312727687,0.0,4.155510216438537e-09,0.0,0.0012358345632063066,0.0012358345632063066,0.0012364299146712043,0.0012358345632063066,0.0012358569130491873,0.0012358345632063066,0.0012358345557004213
20200829_clip_38_1707_img_115,20200829,0.0042008764236258975,0.002732431171105353,0.0020744153944367606,0.002234044462583851,0.003245846864878613,0.0026937844700005175,0.002214257087511567,0.0022265445721564524,0.002330541737489964,0.0023202189319092396,0.0022760195795492395,0.0022983800830780796,0.002315699588507414
20200829_clip_42_1859_img_5,20200829,0.0093664516700266,0.006383148631325578,0.0048401431985105325,0.004862732491991623,0.005410819225654972,0.004904954872059713,0.0019814907212062985,0.001998141872985087,0.00208803386188757,0.0020900740472464545,0.002105715144624256,0.0021227075306770446,0.0021778102964162827
20200829_clip_52_2334_img_115,20200829,0.01100957047537026,0.006370989268138888,0.00432152548636341,0.0040199217607185525,0.0069834096275309026,0.0044574964659989365,0.00400816301129564,0.004024512537685873,0.0041455836997620595,0.004151387697197984,0.004094701466422442,0.004142976996745095,0.004150026943534613
20200830_clip_0_0000_img_5,20200830,0.012085412510534096,0.008386166563461575,0.008131311664217105,0.005897997223316133,0.010727576131772125,0.008338309077561985,0.003579483807516908,0.0035995806724245785,0.0036505181428277697,0.0036909456808276423,0.003648780393183529,0.003685519670737593,0.0037232397589832544
20200830_clip_16_0728_img_12,20200830,0.02196012405748086,0.0015624983214127851,0.009910290405723318,0.00970034200634712,0.012854525218974337,0.013258935354608703,0.0044097736888302095,0.004478751581913426,0.004432871310590374,0.004434868513036605,0.004443828786893216,0.004444958554558742,0.004480629228055477
20200830_clip_33_1500_img_115,20200830,0.006441131211049575,0.004114562518068711,0.005349130968112703,0.00502567758938963,0.005479042556734585,0.00556957984340644,0.005509981215795836,0.005502731058408773,0.005522456770863686,0.00553494233451754,0.005516849954344657,0.005513573571118675,0.005518061108887196
20200830_clip_52_2346_img_115,20200830,0.0,0.0,0.008226067089790652,0.0,0.007597809248552136,0.0031482956736351895,0.0030403810491267396,0.0030403810491267396,0.0030327732028010267,0.0030403810491267396,0.0030353830022998266,0.0030402092373776877,0.003040381008759141
20200831_clip_0_0000_img_5,20200831,0.0,0.0,0.0,0.0,0.0011894148758093046,1.5652453427295844e-08,0.003139467148237922,0.003139467148237922,0.003139467148237922,0.003139467148237922,0.0031414403337145297,0.003139920315326748,0.0031394672114402056
20200831_clip_16_0724_img_110,20200831,0.008295556507319708,0.0061430041607227785,0.0063610635535260845,0.00634520099492836,0.005452732250010897,0.004732823548229464,0.004065861055226778,0.004069574176676984,0.004068947003957222,0.004060562431233113,0.004091127384317824,0.004104596311304805,0.004121009260416031
20200831_clip_35_1538_img_115,20200831,0.016212735231727195,0.003570643761184297,0.008100327319307859,0.00833396879318889,0.007996090111778119,0.006242681015639358,0.008480438138393354,0.008555516050915573,0.00858369544791826,0.00857865417136039,0.008587065337782696,0.00862207342147325,0.008574916049838066
20200831_clip_53_2348_img_115,20200831,0.007959332686306964,0.0,0.005120992317993484,0.0,0.002911431832050467,0.0024646852205751518,0.003612095334919638,0.0036194335498577574,0.003607551692540404,0.0036194335498577574,0.003621238628477208,0.003623384790201389,0.0036194336134940386
20210108_clip_0_1158_img_5,20210108,0.0037500287928795084,0.0030719376079916213,0.0030406965504998786,0.002601866653485266,0.003173959297311216,0.0036806729977949997,0.0010041311050762818,0.001003638194903181,0.0010409124648732195,0.0010421580491781323,0.0010401942294784446,0.0010379777384740606,0.0010645614238455892
20210108_clip_19_2231_img_115,20210108,0.005711588215201108,0.002789471023522367,0.0006897516129393596,0.000683262657077218,0.0013051830336153125,0.0008353213553526033,0.000863862056422983,0.000871686967653652,0.0009017534649355484,0.0009023227631540503,0.0008993160481142397,0.0009011683750418922,0.0009010539506562054
20210108_clip_22_2355_img_115,20210108,0.004696942683786606,0.0,0.0,0.0,6.069614366862804e-05,0.0,0.0008827112281962621,0.0008960531119571276,0.0008960531119571276,0.0008960531119571276,0.0008965083187586795,0.0008960531119571276,0.0008960530976764858
20210108_clip_5_1418_img_115,20210108,0.0,0.0,0.0032140356637651237,0.0004084261549915488,0.004342427462756241,0.0029136549478011964,0.0009313015327818722,0.0009313015327818722,0.0009180751225190967,0.0009315492370901183,0.0009104061017795945,0.0009251303052892971,0.0009313015616498888
20210108_clip_6_1627_img_115,20210108,0.005559071437916384,0.003404726992789195,0.004234921513005776,0.003428010408818871,0.004986468876772502,0.005782480066136883,0.0007935030783672131,0.0008068795304381075,0.0007645816903415072,0.0007715477677210941,0.0007741174488778142,0.0007908986525007052,0.0009053290705196559
20210109_clip_0_0000_img_5,20210109,0.004686972190367765,0.0,0.0010371220711889483,0.0,0.003018747497632365,0.002760758285384423,0.000876736974083479,0.0008896058072328952,0.0008891424515187091,0.0008896058072328952,0.0008861921174901639,0.0008864104461719426,0.0008896057843230665
20210109_clip_16_0707_img_83,20210109,0.004811330262504242,0.0036893153497380344,0.001161586743547624,0.0007666904138450674,0.0034208156860347006,0.0026394291044434946,0.0007509876039611006,0.0007515548328497339,0.0007615596388132982,0.0007635888895349823,0.0007573662984944084,0.0007585120296262476,0.0007636616355739534
20210109_clip_29_1311_img_115,20210109,0.009079682536353077,0.006180274477430485,0.006681761202422042,0.005805490994423185,0.008184241844716961,0.008272761992547516,0.001848508010304189,0.0019106637483595392,0.002029327101425927,0.0020503001997642413,0.002020265903453428,0.002040721603734794,0.0024006697349250317
20210109_clip_34_1620_img_103,20210109,0.009413973717024267,0.00751866811464052,0.0071839762078085,0.006398808200370856,0.008723048118647941,0.009543892036758485,0.001797971411363746,0.0017929229626313771,0.001893840014684395,0.001879610858076479,0.0019976419877093827,0.002021230677576908,0.0021912776865065098
20210109_clip_50_2339_img_115,20210109,0.009790422604339,0.006700686697398424,0.006616006830063793,0.005665161532231337,0.006093875411838914,0.005865411549960019,0.006104502542152373,0.006106203225012423,0.0061168551966071655,0.00612343885668963,0.00611978645480043,0.006120805400200936,0.006120025645941496
20210110_clip_0_0000_img_5,20210110,0.00694662670131681,0.0,0.0,0.0,0.0003151610231843251,0.0,0.0023420665248253332,0.002349360119496677,0.002349360119496677,0.002349360119496677,0.002349997054186126,0.002349360119496677,0.0023493601474910975
20210110_clip_22_0958_img_5,20210110,0.009737295943651456,0.004762291310240975,0.003276900881957431,0.003586882496430009,0.0032978887019604794,0.00302945077121348,0.003135731952144283,0.003136400217932781,0.0031538506631522537,0.0031483039607929928,0.0031551776827400796,0.003158909973527999,0.003158110659569502
20210110_clip_28_1230_img_5,20210110,0.006995539902459569,0.004927226589902943,0.006480089306321464,0.006092311657604916,0.008138257881345807,0.008084271586379052,0.003744268710990004,0.0037542514037398776,0.003603112191247756,0.0035831780775413087,0.0035225768207114857,0.00353876165624384,0.004015233367681503
20210110_clip_36_1607_img_75,20210110,0.009114748505660485,0.005966052742626324,0.007149689267781955,0.006715437218325685,0.006760528935706667,0.006187993222747628,0.0030338387161222575,0.0030569945823724657,0.0030701162764337282,0.0030714866746876326,0.003072733138832519,0.0031091188237312496,0.0032053689938038588
20210110_clip_53_2339_img_115,20210110,0.0,0.0,0.0003459818849045659,0.0,0.0008819304378966741,0.0005952818244865795,0.002863573804667879,0.002863573804667879,0.0028675367915671,0.002863573804667879,0.0028699802155888127,0.0028658985576866746,0.002863573841750622
20210111_clip_0_0000_img_5,20210111,0.0,0.003731113859827975,0.006968990920288196,0.006046094088597157,0.005407693170706158,0.005577011585550384,0.0027160641747216384,0.0026962521595809237,0.0026882621938134933,0.0026878224182831614,0.0026961196400544633,0.0026993156116181583,0.0027160642202943563
20210111_clip_15_0641_img_5,20210111,0.009140004018786228,0.008041623285248206,0.0029049860479070547,0.0041869835853237565,0.005325389861128371,0.008195787856837852,0.0010165629537614597,0.0010164068922759808,0.0010220569068726166,0.001016272191800563,0.001029936406720084,0.0009682306036422592,0.0010464994702488184
20210111_clip_22_0957_img_11,20210111,0.0058250750083028826,0.004400469522478874,0.002718333755191959,0.0025820556307255033,0.0020954572908895392,0.0035103164678970105,0.001107275551402904,0.0011177523993083523,0.001215874216508891,0.0012170931425524588,0.0011468782169140569,0.0012094930884722175,0.001233519404195249
20210111_clip_39_1802_img_115,20210111,0.0037960476257624487,0.0010276763972896323,0.0004022509976376308,0.0003657542295987084,0.0010865116591380467,0.0007687137584250454,0.000957501733992699,0.0009564315668702997,0.0009723727901057753,0.0009747963737581121,0.000962067935566452,0.0009671947650766354,0.0009639232303015888
20210111_clip_51_2338_img_115,20210111,0.0,0.0,0.003166480921219556,0.0,0.0015751775900215508,0.0014468270978411637,0.0010391219889110451,0.0010391219889110451,0.0010361632926660731,0.0010391219889110451,0.001038682114759521,0.0010385622247160186,0.0010391219984740019
20210112_clip_0_0000_img_5,20210112,0.007840703844822232,0.005156986308871807,0.00321169635015634,0.0035949145040802765,0.0036131443155127765,0.0033223186187014996,0.0011492553802220592,0.001149671697166654,0.0011497471982194745,0.0011492960659164491,0.0011505499851025688,0.0011475186086283304,0.0011586897308006883
20210112_clip_10_0434_img_115,20210112,0.004786832738799242,0.003955861398599483,0.0029345705188373087,0.0028667387352336094,0.0030693026871193418,0.0028451574323769364,0.00363899503613793,0.0036365676952650537,0.003666943555638082,0.0036710590634453748,0.0036625337634472095,0.003667424605774492,0.003654596395790577
20210112_clip_26_1540_img_5,20210112,0.007564800861834126,0.004996608052077881,0.005510440401060531,0.005252761771756748,0.006436224380149002,0.005902195873084291,0.0033676485508014635,0.003368871128665122,0.00336061798019727,0.003360372612064446,0.003236000786076399,0.003272710569458342,0.0034733691718429327
20210112_clip_44_2343_img_115,20210112,0.0,0.0,0.0009684586941910617,0.004168773691243832,0.0006253762195221262,0.0013421811053598797,0.0032246573626535475,0.0032246573626535475,0.003258750108910175,0.0032163717987243627,0.0032428429688490033,0.0032305512375147218,0.0032246573828160763
20210113_clip_0_0000_img_5,20210113,0.0,0.0,0.004215950331295943,0.005653021260813985,0.0019451222075501987,0.0018351667969766622,0.0030322345291199436,0.0030322345291199436,0.003011984787871706,0.0030043335809073588,0.0030405681702215786,0.003038197616772444,0.0030322344973683357
20210113_clip_14_0617_img_5,20210113,0.003945112494130496,0.0028592955530709024,0.0016473735698059042,0.0014252000934107819,0.002101422938887123,0.0018165123015799927,0.0009457096419546938,0.0009496109079000272,0.0009631047784342452,0.0009712997407132528,0.0009656458846377953,0.0009667588026741446,0.0009786271257326007
20210113_clip_33_1811_img_5,20210113,0.006442748125812401,0.004889915929757583,0.003718966040240374,0.0022264618471138503,0.004111321716326339,0.003728427449993893,0.0016340564015005948,0.0016355781614285608,0.0016509525914592516,0.0016647002604641445,0.0016488163709354395,0.0016570886430881265,0.0016693671932443976
20210113_clip_45_2345_img_115,20210113,0.0,0.0,0.0,0.0,9.142165266649196e-05,0.000310421848797664,0.0009138112948464086,0.0009138112948464086,0.0009138112948464086,0.0009138112948464086,0.0009144193601939347,0.0009143700034433452,0.0009138113236986101
20210114_clip_0_0000_img_5,20210114,0.0,0.00021490320030641022,0.0011892472555498422,0.0,6.904404823808614e-06,4.8784574150048875e-08,0.0011667257371260262,0.0011665888977236798,0.0011666015180769557,0.0011667257371260262,0.0011671438095409272,0.0011669013857826744,0.0011667257640510798
20210114_clip_25_1330_img_115,20210114,0.004209762044552178,0.0026367757087359424,0.003358909193682676,0.0029439539528565554,0.0044882867609148894,0.0036818355391132363,0.0009409312845640598,0.0009315197397912326,0.0009278353534009642,0.0009341114002461701,0.0009269598591170655,0.0009384052358196598,0.0009976612636819482
20210114_clip_45_2227_img_115,20210114,0.0040064958952439065,0.0038406892538064234,0.0018153065592826164,0.0019389903647504159,0.003016691443436743,0.0025407829643465637,0.0011183757330395798,0.0011124998945925544,0.0011310188596664853,0.001133404390349808,0.0011302633674905704,0.001130823940913586,0.0011380850337445736
20210114_clip_48_2351_img_115,20210114,0.004337563737862652,0.0027371956627008694,0.0003842197757135566,0.0003285087186383288,0.0011680444050983843,0.0002509769856786913,0.0012419817895547773,0.0012421406728264626,0.0012571113907527353,0.0012575342051433715,0.0012525105187770303,0.0012547798226289256,0.0012522717006504536
20210115_clip_0_0000_img_5,20210115,0.0,0.0,0.00189494032345015,0.0,0.0007723638969805526,0.0025186363559460997,0.001333176536590812,0.001333176536590812,0.001332372718287989,0.001333176536590812,0.0013341183023755597,0.0013305488997413396,0.001333176507614553
20210115_clip_33_1642_img_115,20210115,0.006976434516769754,0.005725075214201169,0.0073060302320761905,0.006287805793069798,0.007028118671632259,0.005249613477351843,0.0032018271940750373,0.003137632353991148,0.0031647221840267153,0.003175995759834776,0.0031914950791072294,0.003231160356961992,0.003330945037305355
20210115_clip_36_1935_img_5,20210115,0.004951044393432731,0.0029871532359255376,0.0021881906902449194,0.0019615576566827456,0.0029797972073771126,0.0025756141336705537,0.0032148088058536503,0.0032142328723893166,0.003261369071278591,0.0032643081145276973,0.0032422298118487468,0.003249288491041771,0.003239779267460108
20210115_clip_44_2319_img_115,20210115,0.0,0.0,0.006237482701054085,0.009614346503196392,0.0015488427181169372,0.00018758083571922474,0.003057658945515383,0.003057658945515383,0.0030507058894827734,0.0030497888356998426,0.003060895244713352,0.0030616018688661493,0.0030576589051634073
20210116_clip_0_0000_img_5,20210116,0.0,0.0,0.0054939566192203845,0.0,0.0014308626071584643,0.0,0.003072629369500502,0.003072629369500502,0.0030710565427365757,0.003072629369500502,0.0030733571840779205,0.003072629369500502,0.003072629449889064
20210116_clip_20_1228_img_36,20210116,0.006775149421724357,0.004638653544402673,0.006318084611883684,0.0062231699015380245,0.007513060730972565,0.0068328852457210775,0.0032360183880342955,0.0032963589829597697,0.003269100843561596,0.0032597458244177954,0.0032540344312933732,0.0032970892966855013,0.0035919516813009977
20210116_clip_27_1536_img_107,20210116,0.007177774174886522,0.005347022903132619,0.005784438663589557,0.005196773533849742,0.010216459226645344,0.008942175362893235,0.0032378497631880953,0.0032015363814542467,0.0032480020231236873,0.0032633441457314994,0.003077559760315885,0.0031306206733998174,0.0034582149237394333
20210116_clip_45_2335_img_115,20210116,0.0,0.0,0.0,0.0,0.003883906093704456,0.00167448935290405,0.0013826069995952627,0.0013826069995952627,0.0013826069995952627,0.0013826069995952627,0.0013795307911435184,0.0013815419710045537,0.0013826070353388786
20210117_clip_0_0000_img_5,20210117,0.0,0.0,0.0,0.0,1.3706902632711612e-08,1.3706902632711612e-08,0.001404385322607808,0.001404385322607808,0.001404385322607808,0.001404385322607808,0.001404663371709544,0.001404663371709544,0.0014043853152543306
20210117_clip_11_0508_img_90,20210117,0.0,0.0,0.0,0.0,4.9079966178717344e-08,0.00011570142629168818,0.001008272101121946,0.001008272101121946,0.001008272101121946,0.001008272101121946,0.001009503781420097,0.0010091558553634074,0.001008272054605186
20210117_clip_31_1510_img_115,20210117,0.0092864767299453,0.005629852405761447,0.0053629045239332864,0.0045212448773214176,0.008270270137718212,0.008096851477405671,0.0017825888605779636,0.00177881309481993,0.0017511565630025775,0.001769048227661154,0.0017403893720492611,0.001758390166286363,0.0018739313818514347
20210117_clip_51_2354_img_115,20210117,0.0,0.0,0.002919473890631179,0.0,0.001039634548396148,0.0005554234068267095,0.0015091342768886763,0.0015091342768886763,0.0015072359358223578,0.0015091342768886763,0.001509264923027644,0.0015107641409850153,0.0015091343084350228
20210118_clip_0_0000_img_5,20210118,0.0,0.0,0.0,0.0,0.004175839033286079,0.002405586269495411,0.0014437781978727015,0.0014437781978727015,0.0014437781978727015,0.0014437781978727015,0.0014404297967038806,0.0014428450419982917,0.0014437781646847725
20210118_clip_18_0824_img_65,20210118,0.005039368685234731,0.002578977411045797,0.003367730373554655,0.002721840802755311,0.0025955968334629652,0.002967917113837247,0.0008877052734703235,0.0008897671092571805,0.0008911975212792041,0.0008960833796632185,0.000895515618073532,0.0008946484514831614,0.0009082235628738999
20210118_clip_36_1811_img_115,20210118,0.011538077779593906,0.006849201458836704,0.004902208302952123,0.003546300043761855,0.004407076120951141,0.00675661105953979,0.0030585349247905687,0.003054355322770403,0.003079950338175557,0.003105015113106245,0.003062084237026312,0.0030943068018898044,0.003116770414635539
20210118_clip_46_2230_img_115,20210118,0.0,0.0,0.002499577214352457,0.004024045823372196,0.002275245240054866,0.001647976555571867,0.002706345858157742,0.002706345858157742,0.0027074361969809547,0.00270128233431558,0.0027090436957166314,0.0027108549234966177,0.002706345869228244
20210119_clip_0_0000_img_5,20210119,0.0,0.002863679010490006,0.008278614695690514,0.0092046765219207,0.008354772660370803,0.007619132072466409,0.002012356148109919,0.00199112163931656,0.001994048076110056,0.0019933535699752946,0.002001028946197221,0.002000907510902744,0.00201235618442297
20210119_clip_1_0028_img_103,20210119,0.0,0.0,0.0,0.0,0.0009615447621423975,0.04064587095294958,0.0019340512359756288,0.0019340512359756288,0.0019340512359756288,0.0019340512359756288,0.001934767889587493,0.0019225969310986935,0.0019340512808412313
20210119_clip_2_0056_img_67,20210119,0.0,0.0,0.006404472548299633,0.0,0.005562954231351071,0.004045015998956723,0.0016362159325674858,0.0016362159325674858,0.001633368967826645,0.0016362159325674858,0.0016323552417046045,0.0016330460291419343,0.001636215951293707
20210119_clip_6_0248_img_115,20210119,0.0,0.0,0.0,0.0,0.0,0.0,0.0012333586248972157,0.0012333586248972157,0.0012333586248972157,0.0012333586248972157,0.0012333586248972157,0.0012333586248972157,0.001233358634635806
20210120_clip_0_0141_img_5,20210120,0.0,0.0,0.0,0.0,0.0,0.0008443162416555882,0.0010580885455930826,0.0010580885455930826,0.0010580885455930826,0.0010580885455930826,0.0010580885455930826,0.0010581944182871427,0.001058088499121368
20210120_clip_16_0909_img_115,20210120,0.003974364721855746,0.0034818142610378976,0.001154656309627099,0.0012412334372236251,0.008767595574520058,0.007542688065343262,0.0015619766120206846,0.0015024244359800889,0.0016169543340583967,0.0016157474645102996,0.0014625297982349336,0.001460100370762506,0.0016065678792074323
20210120_clip_23_1225_img_5,20210120,0.0038824079902553504,0.003060418142667359,0.0024209612807490873,0.00207066137147981,0.003978418384649177,0.004134687751493077,0.001623719754527713,0.0016226126485670133,0.0016497023741515943,0.0016619345644834813,0.0016169370685911399,0.001611448639069452,0.0016782964812591672
20210120_clip_38_2308_img_115,20210120,0.0,0.0,0.006351505058863955,0.0,0.00024696101298047165,0.00019101862957582858,0.0013584111011549164,0.0013584111011549164,0.0013553192602707188,0.0013584111011549164,0.0013592088885039156,0.001359310856236795,0.0013584111584350467
20210121_clip_0_0000_img_5,20210121,0.0,0.0,0.0,0.0,0.0,0.0,0.0014885056888401685,0.0014885056888401685,0.0014885056888401685,0.0014885056888401685,0.0014885056888401685,0.0014885056888401685,0.0014885057462379336
20210121_clip_24_1317_img_5,20210121,0.00625396894789021,0.004217066424527522,0.0037704318339421123,0.0039040902635873883,0.0036107973173110167,0.004144863354113364,0.0030522853379530705,0.0030555048740807823,0.0030521559410725744,0.0030482502165989542,0.003056889104149649,0.003052154479902012,0.0030810083262622356
20210121_clip_29_1537_img_5,20210121,0.0033940291457721003,0.0027988675007717934,0.0009296252422860688,0.0003340632721435181,0.0017280360577763703,0.0012010746411631463,0.0011661164697882283,0.0011644109599161778,0.0012333393614824364,0.001251129695268484,0.0012196415857359379,0.0012269438840831243,0.0012268987484276295
20210121_clip_47_2341_img_115,20210121,0.0,0.0,0.00256713569018305,0.0037447381871657313,0.0015525346060481214,0.003222575674589382,0.003701267967586077,0.003701267967586077,0.003724438044449514,0.0036999351442175794,0.003736722336397326,0.0037059359697394914,0.003701267996802926
20210122_clip_0_0000_img_5,20210122,0.0,0.0,0.0035781373267317583,0.007118830454584715,0.0013314731372642892,0.0014074065315316658,0.00367901280741576,0.00367901280741576,0.003679379156276628,0.00365330254095631,0.0037015562867683204,0.003692978240429405,0.003679012879729271
20210122_clip_18_0808_img_5,20210122,0.008925064163674777,0.0056301719195489975,0.007182681598836547,0.0057752000991671245,0.008314448424716115,0.005934020701903577,0.003097723161847702,0.003114804289365856,0.003104326534100603,0.003122088350438405,0.0031145184983887796,0.0031395600681633153,0.0031831052619963884
20210122_clip_39_1830_img_32,20210122,0.004743819391444059,0.0027817372298882125,0.0014515270017339,0.001384481656876839,0.002351378838589111,0.0017259364438056213,0.00208000543168346,0.0020754849968303408,0.002086053856615762,0.002085804588387847,0.0020756759513353134,0.002086216866162441,0.0020842100493609905
20210122_clip_51_2359_img_59,20210122,0.0,0.0,0.001184975510389843,0.0,0.00031058433292145145,0.0009418533731019612,0.0013518667319224397,0.0013518667319224397,0.0013518996674398093,0.0013518667319224397,0.0013547703125573092,0.0013528080658605504,0.0013518667547032237
20210123_clip_0_0000_img_5,20210123,0.0,0.0,0.0,0.0,0.0010291935037891175,0.0005815206794654376,0.001315611240954588,0.001315611240954588,0.001315611240954588,0.001315611240954588,0.001315975181972293,0.001316588056620476,0.0013156112981960177
20210123_clip_14_0607_img_5,20210123,0.0,0.0,0.0010676138267010549,0.001126961748336216,0.0008774362156118701,0.0002747119792896296,0.003500823342283705,0.003500823342283705,0.0035104717702727365,0.003511879714384932,0.0035097933958795494,0.003502563831215676,0.0035008233971893787
20210123_clip_23_1108_img_107,20210123,0.006112543500235367,0.004388883717152934,0.005015060647865533,0.004236266193124404,0.0037931383709672644,0.0032177692276757486,0.002953244288700301,0.00295887994121851,0.0029842505087244236,0.0030049450028981546,0.0030213675579176817,0.0030363610292771545,0.0030421523842960596
20210123_clip_51_2353_img_115,20210123,0.010972829747166823,0.009338992615703668,0.00319710964432816,0.0027136811467272804,0.00282254062215799,0.003357012661185007,0.0016985152051958495,0.0016992960856133923,0.0017713399015148582,0.0017732076547311423,0.001776902847705358,0.0017730218864960355,0.001782537903636694
20210124_clip_0_0000_img_5,20210124,0.0,0.0,0.011033218280698717,0.01628979540738342,0.0024161594140438445,0.0014659506760357046,0.001526556079861682,0.001526556079861682,0.0015080888267604993,0.0015057178883978663,0.0015241149981481026,0.0015265220649127431,0.0015265560941770673
20210124_clip_16_0717_img_115,20210124,0.0,0.0,0.0,0.0,0.015410701529935447,0.005070514869139094,0.0015802250953796612,0.0015802250953796612,0.0015802250953796612,0.0015802250953796612,0.001568786671594429,0.0015756365104283507,0.001580225070938468
20210124_clip_25_1113_img_115,20210124,0.0065267704588263895,0.004248873366484223,0.004533740386199309,0.004216142470769479,0.007019006509386401,0.006214148216738539,0.001969522021511506,0.001974883853429902,0.0019711118830224392,0.001977411857327491,0.001961593967968283,0.001987204342404606,0.0021227598190307617
20210124_clip_47_2209_img_115,20210124,0.0,0.0,0.0,0.0,0.0,0.0005339846349449208,0.0008357862623922514,0.0008357862623922514,0.0008357862623922514,0.0008357862623922514,0.0008357862623922514,0.0008361293777797991,0.0008357862825505435
20210125_clip_0_0000_img_5,20210125,0.005749764656384188,0.004165120024418621,0.0005825017503927163,0.0008015379877457932,0.00155138414643916,0.0013574799393898111,0.001037742099279772,0.001046931483127846,0.0010769183381869123,0.00107604175949651,0.0010717710945782244,0.0010718734867871931,0.0010736897820606828
20210125_clip_24_1246_img_115,20210125,0.0071649327982863525,0.0052971764653301084,0.004684967170114682,0.004358431919975071,0.006564249958726251,0.005254872580675006,0.002425994880841598,0.0024348922869648045,0.0025210289081994707,0.0025263327669797853,0.0024720179131573644,0.0025152259775374215,0.0026302007026970387
20210125_clip_34_1705_img_5,20210125,0.008369807956869398,0.007380949529378418,0.005753833083121955,0.0061712252621292174,0.00867568291690708,0.007838740574364327,0.0028632337282093355,0.0027646678732503064,0.0029538520525359538,0.0028866548677894187,0.0028878772422275757,0.0029070130023338687,0.003179209539666772
20210125_clip_49_2341_img_115,20210125,0.0,0.0,0.0006238237696860823,0.0007768556193125013,0.0007700415456611692,0.001394594823402749,0.002443956829881128,0.002443956829881128,0.0024526865326730857,0.0024534973171066433,0.002446907677397752,0.0024451319532913644,0.002443956909701228
20210126_clip_0_0000_img_5,20210126,0.0,0.0,0.0014126816745967867,0.0016775234828210201,0.0022041406692747236,0.0,0.002352472806498799,0.002352472806498799,0.002355395545758256,0.0023544642381569275,0.002352529423561404,0.002352472806498799,0.002352472860366106
20210126_clip_21_0947_img_5,20210126,0.006542932565989206,0.0049115824650977314,0.0028146948098614973,0.002521147860148112,0.005136108150643216,0.004985353220239699,0.0030717430334817135,0.0030721300555883804,0.0031085272532095005,0.0031185767829764195,0.003077195221472133,0.0030813201446625604,0.0031022594776004553
20210126_clip_29_1321_img_115,20210126,0.009792924223479977,0.007320423840857465,0.010627869116987008,0.010832669801171431,0.012940299590076185,0.013574532726013779,0.004392163067875161,0.004306934525158299,0.004189521985357568,0.004156892844323992,0.004203594490654153,0.004225789717249458,0.00445034122094512
20210126_clip_50_2306_img_115,20210126,0.012913457905264212,0.008804467010454023,0.008369653141898957,0.007370531679252033,0.006316769262375411,0.005208701770496765,0.0022717088355182066,0.002272160604895454,0.0022682054830143344,0.0022659222511891603,0.002280895279079923,0.0022816398844359687,0.0023033786565065384
20210127_clip_0_1437_img_5,20210127,0.0046681019301834225,0.00319711212368654,0.0021827369905593735,0.001925832409538333,0.0033255408528307584,0.0029890062683107445,0.0009006162826897168,0.0009029179232069118,0.0009961769657784536,0.001000366446838702,0.0009815021437325194,0.0009731235306535787,0.001042574760504067
20210127_clip_12_2013_img_115,20210127,0.008815479202927868,0.005402226839579764,0.007450945007211628,0.006715328771107924,0.009894561428489214,0.009939978350986967,0.001080669330107282,0.0011087163045891742,0.0011355470301471508,0.0011422629738379545,0.001136358971451915,0.001137834043524448,0.0012797099770978093
20210127_clip_14_2109_img_5,20210127,0.006388261741754338,0.004036847666197987,0.005220944392993982,0.00427351270157217,0.004337271256641527,0.0037813119164790826,0.0017362879591695567,0.0017352784280550407,0.0017192849216602138,0.001725219943164811,0.0017229191988324902,0.001733734434735285,0.0017470576567575336
20210127_clip_20_2354_img_115,20210127,0.0,0.0019932717753724277,0.0013664066070409333,0.0007615395228016289,0.001474343226633952,0.0018416240079222484,0.0014534880980400051,0.0014500873919335165,0.0014539231597745174,0.0014571894548009773,0.00145332565603004,0.0014520710152071028,0.0014534881338477135
20210128_clip_0_0000_img_5,20210128,0.004511402829521793,0.0033505410679496406,0.0009434406713088702,0.0009296651346720028,0.0,0.00039034747889871385,0.0014860510269878054,0.0014866907426582731,0.0014975529512813457,0.0014979558948872529,0.0014952629515143242,0.0014961629310289955,0.0014952629571780562
20210128_clip_27_1239_img_5,20210128,0.005432459657903137,0.004163851523032939,0.004612694957388218,0.004283169634717618,0.004642562245190628,0.004769888248506889,0.002800451011333469,0.0027947454506156866,0.0028323308800595162,0.0028345811245379018,0.002863235870980034,0.0028636433585519662,0.002939536701887846
20210128_clip_35_1602_img_5,20210128,0.006976616581433586,0.004506410909214713,0.006330823077999681,0.005445721371767827,0.005349818714049823,0.005099314914592636,0.0035938500964453088,0.0035927000047321044,0.0034597037867053343,0.00353467540363371,0.00361228241146042,0.003636487112467907,0.003699236549437046
20210128_clip_52_2347_img_115,20210128,0.0,0.0,0.0,0.0,0.0,5.865922850709795e-08,0.0023266769648635677,0.0023266769648635677,0.0023266769648635677,0.0023266769648635677,0.0023266769648635677,0.0023267807817400838,0.002326676854863763
20210129_clip_0_0017_img_5,20210129,0.0,0.0,0.0,0.0,0.0,0.0,0.0023914597630952422,0.0023914597630952422,0.0023914597630952422,0.0023914597630952422,0.0023914597630952422,0.0023914597630952422,0.0023914596531540155
20210129_clip_17_0813_img_115,20210129,0.0063049833595197405,0.004949374672670313,0.0043581624433758235,0.004570651043753359,0.005567076048092955,0.004175789706143849,0.002317533797535734,0.0023177521983857585,0.002363106806531134,0.0023656900578053193,0.002330960963770343,0.0023588826771566308,0.0024193930439651012
20210129_clip_19_1116_img_5,20210129,0.006915402789393643,0.004701066056259388,0.006027185301990948,0.004969348156132125,0.0062428542912555,0.006140406990736498,0.002738437643926813,0.002732707464248112,0.0027403993257641896,0.002746678646471754,0.0027619801955666105,0.0027624587723517695,0.002812016988173127
20210129_clip_48_2357_img_115,20210129,0.005674713199589432,0.0020131172858008084,0.001543397025142154,0.0,0.0015021007091554708,0.0014359352222252804,0.0011831300694632213,0.0011847205400758252,0.0011902156401231165,0.001190470185572093,0.0011899432024373069,0.0011899095205989117,0.0011904701823368669
20210130_clip_0_0000_img_5,20210130,0.0,0.0,0.0004992986352513203,0.0,0.0009285546872585253,0.0,0.0011914401407859636,0.0011914401407859636,0.001192049910465721,0.0011914401407859636,0.0011916205836191972,0.0011914401407859636,0.0011914401547983289
20210130_clip_19_0846_img_5,20210130,0.006237649093269501,0.004956741242124338,0.0037493417372322113,0.0034152603038022943,0.005097050962711849,0.004968865353150775,0.001199256358880143,0.0011995248155322916,0.0012009989860550544,0.0011974507562072859,0.0012021918287128768,0.0011992918754092816,0.0012287209974601865
20210130_clip_36_1613_img_115,20210130,0.008541230296483293,0.006616383208644854,0.006202689052661183,0.005321912307410888,0.006943611608711808,0.007518276743773754,0.001553195275317422,0.0015408621110454676,0.0015432295408923493,0.001564426671795162,0.001583900316716432,0.001583078509791903,0.0018073676619678736
20210130_clip_6_0242_img_115,20210130,0.0,0.0,0.0021226515875981296,0.0020350957007365766,0.0013506229114423384,0.002865590188450842,0.0032982456433531056,0.0032982456433531056,0.003300997375268461,0.0033001603325965795,0.0033028767340752534,0.0032993053929244245,0.0032982456032186747
20210131_clip_0_0000_img_5,20210131,0.008716677773443558,0.009245831221470125,0.007819889900032365,0.007800065844051136,0.007554880257060976,0.006821823705219863,0.0032405926256939823,0.0032385897714893885,0.003208670571644286,0.0032014295524703347,0.003226962440103779,0.0032372743792813967,0.003258342854678631
20210131_clip_23_1040_img_5,20210131,0.010455099372381049,0.01217477552109312,0.006632705120774903,0.007244535232898226,0.015639537210818455,0.014385407822078838,0.0035636702572433387,0.0034276338573964037,0.0034295516704613074,0.0034059786202800387,0.003374878016494766,0.0033717116615250985,0.0035968006122857332
20210131_clip_52_2346_img_115,20210131,0.0,0.0,0.0,0.0,0.0,0.0,0.0012865305211213719,0.0012865305211213719,0.0012865305211213719,0.0012865305211213719,0.0012865305211213719,0.0012865305211213719,0.0012865305179730058
20210131_clip_9_0412_img_115,20210131,0.00497594178537823,0.004440115435567153,0.0009595927171324541,0.0006627724708073712,0.0010274889663436791,0.001214615715802333,0.0031388935481276433,0.003137196165064654,0.003175652832875442,0.00317838998221403,0.003163245179298597,0.003160978513717145,0.00315768551081419
20210401_clip_0_0000_img_5,20210401,0.0,0.0,0.0,0.0,0.0,0.0,0.0016765760035719571,0.0016765760035719571,0.0016765760035719571,0.0016765760035719571,0.0016765760035719571,0.0016765760035719571,0.001676575979217887
20210401_clip_31_1333_img_115,20210401,0.004602069268787755,0.004265872126675976,0.004871380393817531,0.004793973247221464,0.003226950962599192,0.003003554132470772,0.00446954049341561,0.004429199880637211,0.004448694014049974,0.004456034686918504,0.004561502786286918,0.004574972639514314,0.004486280959099531
20210401_clip_40_1738_img_5,20210401,0.008932650469414424,0.005670820280836869,0.005011554555745769,0.005086281657778191,0.005180831491096286,0.005039956470435493,0.0052864267652168815,0.005285998368083448,0.005379488028298783,0.005376646005720798,0.005369855829593233,0.005374227199275128,0.005367374047636986
20210401_clip_54_2345_img_115,20210401,0.0,0.0015663115354648826,0.0012673961456196822,0.0013759536486661682,0.0008142194259819733,0.0018364860255782435,0.0036688402813832913,0.0036644401662009932,0.0036769219179543524,0.0036757323463486127,0.0036763253047992065,0.0036711287547696917,0.0036688402760773897
20210402_clip_0_0000_img_5,20210402,0.0,0.0,0.001270599202282222,0.002045873554357321,0.0010108263437085948,0.0018149946057362432,0.0035789744137261796,0.0035789744137261796,0.003595450105725488,0.003581275914934054,0.00359758703236525,0.0035851063980636036,0.003578974399715662
20210402_clip_18_0759_img_5,20210402,0.012008182415824251,0.011072337515155512,0.003463659953129244,0.005356834400239253,0.002574949756904655,0.0030962019944952733,0.004460206927521677,0.0044577560327658545,0.0044878018333743205,0.00448025201165119,0.004490406177936009,0.004489178694092402,0.004484500735998154
20210402_clip_32_1416_img_115,20210402,0.007391630976468278,0.0035198469952841724,0.005918448376240854,0.004821647872490397,0.005133713268688565,0.007188687473089491,0.00630131426896713,0.006312672496004382,0.0063361617377375844,0.006375116861733906,0.006360696733405928,0.006294758124622619,0.0063228607177734375
20210402_clip_54_2341_img_115,20210402,0.0,0.0,0.0015634709339050683,0.0024004990077084215,0.0011461736940162576,0.0007504112110668848,0.0030114650699087954,0.0030114650699087954,0.003021859062220323,0.0030147265248509423,0.003018176730540953,0.003014058877475521,0.003011465072631836
20210403_clip_0_0000_img_5,20210403,0.0,0.0,0.001300617208482057,0.0011076573123999325,0.0006455997179333305,0.0,0.003153565302399131,0.003153565302399131,0.003158800541521912,0.0031631551351968866,0.0031546222972771857,0.003153565302399131,0.003153565339744091
20210403_clip_17_0723_img_115,20210403,0.0,0.0,0.007042642284534524,0.006354579916985873,0.006135463342073646,0.007652174557585068,0.0041074896263139605,0.0041074896263139605,0.004034091039012457,0.0040450922771172486,0.004050611335337924,0.004037921319311573,0.004107489716261625
20210403_clip_28_1222_img_8,20210403,0.006550954047157056,0.0030258717981692653,0.006793370235839874,0.006876677536048245,0.007717394528499423,0.0069425851484126765,0.003816938862469418,0.003852903566536527,0.0034965112946708245,0.003532637399492317,0.0036163730752894027,0.0036617209793415777,0.0038825857918709517
20210403_clip_51_2350_img_115,20210403,0.0,0.0,0.004882840590914991,0.0,0.004275338807199463,0.0046476632810286194,0.0037542178641033885,0.0037542178641033885,0.003752594988230022,0.0037542178641033885,0.003754002174687184,0.003753579270067386,0.003754217876121402
20210404_clip_0_0000_img_5,20210404,0.01917702656587766,0.0,0.0076036037823573495,0.0,0.00308085592724984,0.0032389864800877353,0.003811053867203312,0.0038344945585935004,0.003828196936569196,0.0038344945585935004,0.003836368395426307,0.0038353065249179903,0.003834494622424245
20210404_clip_14_0609_img_5,20210404,0.0,0.0,0.004194739600438588,0.007960789046411907,0.005423050941850819,0.0010076241682802323,0.0028942304602696347,0.0028942304602696347,0.0028770593612544443,0.002861780221088234,0.0028734401048528518,0.0029020750224114673,0.002894230419769883
20210404_clip_24_1038_img_115,20210404,0.0037209129330596645,0.003295506539852594,0.002259481458840638,0.00048175702266150774,0.002222075262909654,0.0041816598504884435,0.0013830852806224576,0.0013820865860754616,0.0013875893044164257,0.0013984841193835818,0.001392000436413271,0.0013891017223707296,0.0013949210988357663
20210404_clip_53_2351_img_115,20210404,0.0,0.0,0.006259473205588532,0.008041867681253862,0.0003537390091300381,0.0002797227069986155,0.0014734581375485693,0.0014734581375485693,0.0014456321894659781,0.001443966181742698,0.0014738376201837646,0.0014741711796242797,0.0014734581345692277
20210405_clip_0_0000_img_5,20210405,0.0,0.0,0.012327346966788097,0.0,0.00015253501466205394,0.0,0.0015292795430148244,0.0015292795430148244,0.0015271305641357368,0.0015292795430148244,0.0015295824046746927,0.0015292795430148244,0.0015292795142158866
20210405_clip_3_0124_img_58,20210405,0.0,0.0,0.0018276046121502966,0.001984649943499055,0.0049732708503191945,0.0005006535255208397,0.0019782371801131612,0.0019782371801131612,0.0019791405387043913,0.001978057277444598,0.0019413336016589385,0.001983127581811942,0.0019782371819019318
20210405_clip_8_0344_img_115,20210405,0.0,0.0,0.006934125450474391,0.008220661530300141,0.007192363776899346,0.005104385723591116,0.0043000959648880266,0.0043000959648880266,0.0042492875350399525,0.0042373999971558425,0.004255213536385894,0.004289117649105434,0.004300096072256565
20210405_clip_9_2314_img_115,20210405,0.0,0.0,0.005433801540959994,0.00620264855306501,0.003924971508726136,0.004651620659309275,0.0036536477197176126,0.0036536477197176126,0.0035922862160999392,0.003574787520188962,0.0036454172636543217,0.0036169124665493776,0.0036536476109176874
20210406_clip_0_0000_img_5,20210406,0.0,0.0,0.006268595653900969,0.008161118128808889,0.0059980847733097685,0.00955840344328477,0.004060852855083401,0.004060852855083401,0.003993004329990508,0.003971687328024153,0.0040210586806790054,0.004020437256549088,0.004060852807015181
20210406_clip_18_0758_img_5,20210406,0.004610700415878805,0.0035273390626942317,0.0032062354164614764,0.002682392670998472,0.0036550782934577095,0.0036123665926014502,0.00435407472548592,0.004349263145041366,0.00440136316317742,0.0044001355747604765,0.004380807047399707,0.004374786818438902,0.004359585698693991
20210406_clip_35_1512_img_115,20210406,0.004257420497484332,0.002535561320370258,0.0034063458047705647,0.0037070286810666248,0.0033337477523150113,0.003896989106887825,0.005335858790215325,0.005327541915232957,0.005436461295853584,0.0054138119335512035,0.005391957609455437,0.005365342131929407,0.005308229010552168
20210406_clip_52_2338_img_115,20210406,0.0,0.0,0.0018398393574528846,0.0018033165782718407,0.0003376665467864856,0.0001189787777113633,0.0036696190050286804,0.0036696190050286804,0.0036892532186435533,0.003682338820527633,0.0036825427961752685,0.0036766634877900147,0.003669619094580412
20210407_clip_0_0000_img_5,20210407,0.005870770823796368,0.003419103094070591,0.0026125148233541555,0.002813233132237426,0.0034345680226182665,0.0039027744393972017,0.0037021988334127636,0.0037165140119117903,0.0037470252581112253,0.003746621150599936,0.0037300638906599083,0.003724256429799781,0.0037268802989274263
20210407_clip_23_1018_img_115,20210407,0.0,0.0031100239211446757,0.004021586297645504,0.0061974693270960375,0.004607436470688335,0.0037427959061180137,0.004629374098123904,0.004628061482942356,0.004632113110136712,0.004619226688546093,0.004629206774238164,0.0046319692438687,0.004629374016076326
20210407_clip_36_1622_img_5,20210407,0.0036368810464912065,0.0017397689802421978,0.0015471256121818303,0.0012968005819460778,0.0015352637059391318,0.001262750602016742,0.003156182254851344,0.0031637924119407267,0.003196806404941218,0.00319403356426557,0.00319491923198656,0.003184679983196862,0.003162157256156206
20210407_clip_53_2357_img_115,20210407,0.0,0.0,0.0,0.0,0.002740944319327382,0.0,0.003722503777952685,0.003722503777952685,0.003722503777952685,0.003722503777952685,0.003722776859521163,0.003722503777952685,0.0037225037813186646
20210408_clip_0_0000_img_5,20210408,0.0,0.0003952265041599373,0.0015561174511627785,0.0,0.0014299881589995673,0.00016601251094061742,0.003717192893729028,0.003720520148441775,0.00372243050623587,0.003717192893729028,0.003724555979010289,0.003722080658451538,0.00371719291433692
20210408_clip_17_0740_img_115,20210408,0.0051047080747643045,0.0033108407232870433,0.0034948111194043558,0.003912134732552874,0.004624061556669643,0.003276419853136491,0.003793384557972233,0.0037883123392121053,0.0038007895634992865,0.003795223006696531,0.003790209838905075,0.0038000284065645906,0.003797711804509163
20210408_clip_40_1824_img_115,20210408,0.005370519417028825,0.001787422525570526,0.00047068368109498944,0.0005975456855779841,0.0004417200980894361,0.0047164900711295634,0.002076732101146111,0.0020861154965206314,0.002098887424275605,0.002101534155599338,0.002105653395118605,0.002084567707234997,0.002097369870170951
20210408_clip_52_2335_img_115,20210408,0.0,0.0,0.0,0.0,0.0011524733568192874,0.002878222774598435,0.0008086360707741814,0.0008086360707741814,0.0008086360707741814,0.0008086360707741814,0.0008083785393617699,0.0008069873048409548,0.0008086360758170485
20210409_clip_0_0000_img_5,20210409,0.0,0.0,0.0,0.0,0.0,0.0,0.0008215301283277874,0.0008215301283277874,0.0008215301283277874,0.0008215301283277874,0.0008215301283277874,0.0008215301283277874,0.000821530120447278
20210409_clip_34_1636_img_115,20210409,0.00526873082139663,0.002535312881092842,0.0033063263182403525,0.004209843315499814,0.004652736785947899,0.001942963473552578,0.0036953123833325463,0.003701881061608601,0.0037160393259340085,0.0036965553992257365,0.003681561817723034,0.0037271880901719647,0.003705853596329689
20210409_clip_50_2346_img_115,20210409,0.0,0.0,0.005273326172412468,0.005059524106009293,0.006606153048214328,0.009376310998664357,0.0040779632513824795,0.0040779632513824795,0.0040610326796791775,0.0040630737793814695,0.0040548352301662425,0.004053679599906111,0.004077963065356016
20210409_clip_8_0344_img_115,20210409,0.004082194398593458,0.0008051101630230631,2.1470774408489872e-08,0.0,0.0,0.0,0.0008580684524470268,0.000860771435589854,0.0008658091806354247,0.0008649495594936756,0.0008649495594936756,0.0008649495594936756,0.0008649495430290699
20210410_clip_0_0000_img_5,20210410,0.0,0.0,0.005034272244615086,0.005651380829034389,0.002962482818435585,0.0017240954347757995,0.003625333857790327,0.003625333857790327,0.003606642378110961,0.0036073383997284477,0.0036381749608305003,0.003646676406983327,0.0036253337748348713
20210410_clip_30_1328_img_115,20210410,0.006290293291712996,0.0027849105322633196,0.004464233055364879,0.007308610916618232,0.004090505253583157,0.0034504283726158316,0.0040143473680308624,0.004021166919441086,0.004036396165124724,0.0039533969593845576,0.0040508840521764995,0.004061749325311184,0.004054070916026831
20210410_clip_41_1817_img_115,20210410,0.004774898345549281,0.003571381914761948,0.003371615107617971,0.002496651245798022,0.004863963432508112,0.0041070156396767,0.004760720467430625,0.004746992608737,0.0048160460667933495,0.004859510998406819,0.004759367680933365,0.004781552553841513,0.004764537792652845
20210410_clip_53_2334_img_115,20210410,0.008665693271734767,0.005082874984840805,0.007315191007132658,0.00608343724309532,0.007826672164094575,0.006724834164626249,0.003950359250895772,0.003950010659236807,0.0039331067361660236,0.00394516427859413,0.00393961354746996,0.0039493470809216485,0.003967722877860069
20210411_clip_0_0000_img_5,20210411,0.0,0.0,0.0,0.0,0.0003076817884083543,8.686184774845117e-05,0.004007057179695388,0.004007057179695388,0.004007057179695388,0.004007057179695388,0.004013659364318485,0.0040108739981073735,0.004007057286798954
20210411_clip_17_0756_img_5,20210411,0.0,0.0038709294829714263,0.0012946072104996302,0.0,0.0007081984731259803,0.0008154385496624818,0.0014402079900328556,0.0014351746482939491,0.001440667910002684,0.0014402079900328556,0.0014410262461256025,0.0014415344179306486,0.001440207939594984
20210411_clip_53_2354_img_115,20210411,0.0,0.0,6.891115239744366e-09,0.0,5.576671179349842e-10,0.0005477463505389711,0.0012405031797883463,0.0012405031797883463,0.0012407270070539935,0.0012405031797883463,0.0012405256140623072,0.0012412706631311824,0.001240503159351647
20210412_clip_0_0000_img_5,20210412,0.0,0.0,0.0,0.0,0.0,0.0,0.0013604257933359887,0.0013604257933359887,0.0013604257933359887,0.0013604257933359887,0.0013604257933359887,0.0013604257933359887,0.0013604258419945836
20210412_clip_32_1430_img_115,20210412,0.00717177627182756,0.004417857358260218,0.004334106246587688,0.004896725769622483,0.006028421425505096,0.0073657016241953305,0.0031473895616792647,0.003128648202426059,0.0031477292885418295,0.003140741041339782,0.003135086433634556,0.003136011900971587,0.003170276992022991
20210412_clip_53_2353_img_115,20210412,0.0,0.0,0.003952984498367819,0.0026914966002442265,0.0013628668683730914,0.001566814098133499,0.002620868934363109,0.002620868934363109,0.002614795166037751,0.0026208052218149144,0.002630127858298043,0.0026251810161995186,0.0026208688504993916
20210413_clip_0_0000_img_5,20210413,0.0,0.0,0.0018456822575795805,0.0004306788795340211,0.0008509787244785202,0.0007106899755391215,0.003140691802929005,0.003140691802929005,0.003143807372045023,0.0031427336516730553,0.003167213122462104,0.0031489199104052937,0.003140691900625825
20210413_clip_33_1449_img_115,20210413,0.005945709515823495,0.0,0.004287660135182389,0.004741627888492713,0.0035423063292751283,0.004604234919283473,0.006736363664642495,0.006727955953377771,0.006807749074771544,0.006773182209568505,0.006832065832882581,0.006791612344072798,0.006727955769747496
20210413_clip_53_2351_img_115,20210413,0.0,0.0,0.0015081443551604522,0.0,0.00016834248046136807,0.0,0.0038701508297187006,0.0038701508297187006,0.0038721966381528774,0.0038701508297187006,0.0038751905014332605,0.0038701508297187006,0.003870150772854686
20210414_clip_0_0000_img_5,20210414,0.0,0.0,0.0014884622597792952,0.0,0.002679904149168774,0.0009707534186690035,0.00385630130419126,0.00385630130419126,0.0038581854254391866,0.00385630130419126,0.0038565903743984966,0.0038597405078903244,0.0038563013076782227
20210414_clip_39_1732_img_115,20210414,0.006135056264233621,0.0042296640095752834,0.003165193619139537,0.0029709179598332563,0.004901884673791813,0.004402630030998293,0.004179105143099978,0.004183629751942253,0.004356598361926094,0.004389619495540295,0.004242412683598223,0.0042619263167553035,0.004273680504411459
20210414_clip_51_2300_img_115,20210414,0.0,0.0,0.002599615320865336,0.0,0.005439895036460237,0.011964597010034632,0.004074394699227209,0.004074394699227209,0.004075200680706353,0.004074394699227209,0.004072713481344572,0.0040677103902462845,0.004074394702911377
20210415_clip_0_0000_img_5,20210415,0.0,0.0,0.0,0.0,0.0,0.0059628221691022726,0.003971020928960089,0.003971020928960089,0.003971020928960089,0.003971020928960089,0.003971020928960089,0.003969578112925644,0.00397102115675807
20210415_clip_29_1329_img_115,20210415,0.0033220012497166447,0.0020105841473182797,0.002011065793637487,0.002071465393527848,0.0027426198313483573,0.00221799456250025,0.0028367976628234904,0.0028466987763925886,0.002877048474878975,0.0028754565238086937,0.002851124211118913,0.002862958441124903,0.0028499120380729437
20210415_clip_53_2352_img_115,20210415,0.012172832777831762,0.00594458408289876,0.006937950534855947,0.006766703319390547,0.007682928027296003,0.007634075169335809,0.004332908511085397,0.0043317627128862035,0.0043247244718103124,0.004320566149452418,0.004332483750396108,0.004330270568897818,0.004353011026978493
20210416_clip_0_0000_img_5,20210416,0.007358510387546213,0.00521079988248802,0.0022775086083952445,0.002301492783467487,0.0028017056039447413,0.002229939688561868,0.004116630661476651,0.004101427505832154,0.004158050742243774,0.004161127935184686,0.004149374409728188,0.004165105194106308,0.004136052448302507
20210416_clip_22_0953_img_5,20210416,0.0036390208820648103,0.002543534044089495,0.004298235760398595,0.0023526880778050223,0.00470952736990698,0.0035845495797093333,0.005191497827106916,0.005191351790191013,0.00519700136896362,0.005210627692130335,0.005189250649660809,0.0051991435458983454,0.005185753107070923
20210416_clip_54_2342_img_115,20210416,0.008718661679317416,0.0057264955818493906,0.0028921241141241,0.0025009428959994777,0.005493785609400469,0.0030233396589952576,0.003097279598396378,0.003087889225808907,0.003118174770957134,0.003122207201855284,0.003101429077970601,0.0031167602815770773,0.003116646781563759
20210417_clip_0_0000_img_5,20210417,0.005706631933328943,0.004000540227055913,0.00613809837346772,0.005214586749336278,0.011914963487206942,0.012691834048833828,0.0027945516424665215,0.0027916443836195283,0.0027780942793953303,0.00278500689967314,0.0027507549622640673,0.0026780296246446257,0.002807065611705184
20210417_clip_33_1437_img_115,20210417,0.012615939248622815,0.0,0.010690215864453297,0.006822642895344649,0.003783292052408404,0.0027118547375247597,0.005424276580273127,0.005436953566191426,0.005353783385919636,0.005421182909022973,0.005487349068679939,0.005490035839582685,0.0054369536228477955
20210417_clip_35_2317_img_115,20210417,0.00832363131187943,0.0037902310033814846,0.004825943851519058,0.005262105477755224,0.005049880443932239,0.005341578757788869,0.0034000402230251687,0.003399249214427554,0.0033957860700007557,0.003389402029734192,0.003401813378341629,0.0033992388062509486,0.0034126159735023975
20210418_clip_0_0000_img_5,20210418,0.0,0.0,0.006121054708445372,0.005596911089243758,0.00581673207990378,0.0037639076071753026,0.003373353566545633,0.003373353566545633,0.0033417834751132795,0.0033558904067753272,0.003357510263667796,0.0033704004598366917,0.003373353509232402
20210418_clip_37_1623_img_115,20210418,0.008860393378511201,0.004238625594796767,0.007591417970414062,0.00757302342931718,0.0064479458082974915,0.005518590420490452,0.006942605409178721,0.006974819608607227,0.006973890408468143,0.006974517751540519,0.007029754935961291,0.00705691579328465,0.007011914160102606
20210418_clip_53_2337_img_115,20210418,0.011827472626565715,0.005049801001093745,0.0,0.0,0.007691984755904278,0.00412913683890661,0.004103405417929387,0.004107101286422733,0.004126005698817721,0.004126005698817721,0.0041159283646250875,0.004125689588194952,0.004126005806028843
20210419_clip_0_0000_img_5,20210419,0.0,0.0,0.0018621198380864253,0.003995566971246167,0.0007285018864289354,0.0014761884030949273,0.003942626490383457,0.003942626490383457,0.003954815679224889,0.003942468830733182,0.0039556446440774376,0.003948995245782907,0.003942626528441906
20210419_clip_36_1555_img_80,20210419,0.006227809379503158,0.0040916547445907754,0.005062391589732774,0.00499780349286281,0.004844681492672245,0.005118352763279526,0.008175252565028955,0.008044825720431852,0.008328841012109818,0.008350757922112817,0.00823502157544414,0.008237092229857393,0.008050578646361828
20210419_clip_53_2345_img_115,20210419,0.0,0.0006087260558031904,0.0025543454442720015,0.0,0.0035302214177635478,0.0035516569880628943,0.004066796762709794,0.004068352841711885,0.004069595623528462,0.004066796762709794,0.004067267114512338,0.004067406227527745,0.004066796973347664
20210420_clip_0_0000_img_5,20210420,0.008440032255394388,0.004158547002709508,0.007193280331723705,0.005294963937243155,0.010641412188772448,0.007251681433245035,0.004023661582236796,0.0040211927450635315,0.004024302644333332,0.004033181518427501,0.004017144873302732,0.004026823871679762,0.00403590127825737
20210420_clip_34_1506_img_115,20210420,0.014545854538005241,0.006694455800417774,0.016217669621879573,0.015526148956184586,0.014833223405425594,0.017022029389776896,0.009163288157952828,0.009330086786724093,0.008947396672903495,0.008959017533838393,0.009086396616884367,0.009059380609159751,0.009361790493130684
20210420_clip_51_2351_img_115,20210420,0.0,0.0,0.002902591709690091,0.0,0.0007915597314127267,0.0008930740483885087,0.003172893488187222,0.003172893488187222,0.003173014703176027,0.003172893488187222,0.0031765146065037995,0.003174667700746907,0.0031728935427963734
20210421_clip_0_0000_img_5,20210421,0.0,0.0,5.753478581000143e-05,0.0,3.0256417230125343e-07,0.0,0.0032028983559610506,0.0032028983559610506,0.0032044249365443924,0.0032028983559610506,0.0032032630311953324,0.0032028983559610506,0.0032028984278440475
20210421_clip_32_1440_img_115,20210421,0.00640752773309266,0.0,0.005422481157951019,0.005811849873051873,0.005746257315767004,0.00467597145792704,0.005804003389128309,0.00581295622194037,0.005827943221429834,0.005810365037997163,0.00581123042153577,0.00583370685602279,0.005812956020236015
20210421_clip_53_2342_img_115,20210421,0.0,0.0,0.002034241155616389,0.004112686460148142,0.0017211753931951795,0.000963580526682134,0.00429048306024211,0.00429048306024211,0.004327105549989383,0.004291724359153221,0.00430986160304528,0.004299309362898788,0.004290482960641384
20210422_clip_0_0000_img_5,20210422,0.0,0.0,0.0020411319021490276,0.0042069561498038165,0.005141731451559405,0.0024541233905452857,0.004108816657501301,0.004108816657501301,0.004134401150832159,0.004107292999437343,0.004099366118938999,0.004114705154665188,0.004108816850930452
20210422_clip_35_1526_img_115,20210422,0.007523979625249312,0.0009448128247669703,0.006906362840755352,0.006988946733125444,0.005870444424584543,0.005746220538749755,0.007181283486804537,0.007208818192530381,0.007210378932464104,0.007205491012951474,0.0072468735780508034,0.007250371833579686,0.007196762133389711
20210422_clip_54_2348_img_115,20210422,0.0,0.004726860043065594,0.003190850683357707,0.0005143370509074387,0.00255511855962007,0.0021578283697966066,0.00411247985962481,0.004096604979883513,0.004114287183347488,0.004116225021997505,0.004116934417968377,0.004117580606528737,0.004112479742616415
20210423_clip_0_0000_img_5,20210423,0.0,0.0,0.003384659239022246,0.0,0.00036581225063658015,0.0,0.004096636337973493,0.004096636337973493,0.00409700197884116,0.004096636337973493,0.004100947569657571,0.004096636337973493,0.004096636548638344
20210423_clip_30_1257_img_115,20210423,0.004368969892544197,0.0008565788427271591,0.004303979469779928,0.004020554162247792,0.004148186747828031,0.0038777762083760862,0.0040666707950580226,0.004088668188583369,0.004061218684566817,0.004075223955049469,0.004070264619920259,0.0040792787178799425,0.004074994008988142
20210423_clip_55_2336_img_115,20210423,0.004341356649420779,0.002920519946469993,0.0018910839922324865,0.0009701572718383453,0.0025144319459466415,0.0028183745182361495,0.0043086661965894965,0.004308982797613856,0.004339816452077739,0.0043296692105581685,0.004334568611306244,0.004322557718032848,0.00430920347571373
20210424_clip_0_0000_img_5,20210424,0.003412155282725523,0.002669954290752809,0.0032315387361451725,0.004697010495573523,0.00446436346030148,0.005398631360150221,0.004021744284831122,0.004026687623860686,0.004028112652069198,0.003986498567528294,0.003997654841857024,0.003979496118866743,0.004007153213024139
20210424_clip_36_1610_img_115,20210424,0.008413569860133896,0.0053587920087098334,0.007504305997058542,0.007225602710657475,0.007443692787507115,0.007061974104940041,0.008486583594627476,0.00848839435610786,0.008607054853427474,0.008664358914772508,0.008558380907217318,0.00857012922518466,0.00848847534507513
20210424_clip_53_2333_img_115,20210424,0.008737385812488355,0.004633488973604838,0.003923438491290224,0.0040040636583046334,0.004196200189596216,0.004737210215408148,0.0042175407134408,0.004226555912161106,0.00426467835464143,0.004263763221246068,0.004261045370270583,0.004257090719889796,0.004261254332959652
20210425_clip_0_0000_img_5,20210425,0.008394756270706665,0.0049906334235999715,0.008678133284437898,0.008505923666030991,0.007846356473289838,0.00814781168230379,0.004141853532624383,0.004139408493038109,0.00412635877183105,0.004132347412014744,0.0041373089236963,0.0041409821986821815,0.004158870317041874
20210425_clip_26_1201_img_115,20210425,0.005144270376656614,0.002739131202583457,0.008347871520397386,0.008602178956277025,0.0032724776118835427,0.00368843981347341,0.0046676598594582,0.004674305780408816,0.004308657799750478,0.004276001271078973,0.004766714400695254,0.004736123035635132,0.004691299516707659
20210425_clip_51_2245_img_115,20210425,0.0024744736773136553,0.0019219145142678454,0.0016659741023744888,0.001713686468599533,0.002445048091126377,0.0022377289424918593,0.004031073089936447,0.004035445492839635,0.004051209911800098,0.004050562385895408,0.004016448511075027,0.004030514340417781,0.003984969109296799
20210426_clip_0_0000_img_5,20210426,0.002820672950132616,0.0009665127040813946,0.002226691848098278,0.0017285505079062662,0.0026896907486842537,0.00034144962030234987,0.003987125842965431,0.003992545138143146,0.003990023870624286,0.003995987694992884,0.003985352872543988,0.0039932164050872935,0.003983160946518183
20210426_clip_38_1650_img_115,20210426,0.00972607480039504,0.005209596966278903,0.010196902413054147,0.012023850069143943,0.007804627531148375,0.008497621802581947,0.00930920501235177,0.009304685827767036,0.009268413390806262,0.009192980976025859,0.00935915243399879,0.009331517602604774,0.009319120086729527
20210426_clip_54_2354_img_115,20210426,0.0,0.0,0.0021220750125231025,0.0029353110886656507,0.0013456363208284613,0.0019115428591419009,0.004361194588991569,0.004361194588991569,0.004368198348834235,0.004362380035569513,0.004366476261096047,0.004362790921368584,0.004361194558441639
20210427_clip_0_0000_img_5,20210427,0.00672370285189987,0.003667113482193416,0.004776501422525655,0.0029829376065001103,0.004760338878074287,0.004756420763269868,0.004349167705397882,0.004350390596190026,0.004357132886541119,0.0043650569470587534,0.004357410682567647,0.004357934507685918,0.004359408747404814
20210427_clip_37_1634_img_115,20210427,0.005067412571463999,0.002409838917678952,0.002748302443544608,0.002918432737772133,0.0027466790199250917,0.002960928928842878,0.004394353994291375,0.004427190962928035,0.004501544304713313,0.004477206784796187,0.004472350045509817,0.0044566953839551325,0.004421803634613752
20210427_clip_53_2335_img_115,20210427,0.007403558684621227,0.00563651485494316,0.007442935000775376,0.010347404468698708,0.0073195226358468,0.005434732194502621,0.004143178965764171,0.004143434103361507,0.004132995035375972,0.004129081585000073,0.0041374419802066255,0.004144340428395485,0.004153334069997072
20210428_clip_0_0000_img_5,20210428,0.0,0.0,0.0,0.0,0.0068211896608204765,0.0,0.004234251045001107,0.004234251045001107,0.004234251045001107,0.004234251045001107,0.004232672311400726,0.004234251045001107,0.0042342511005699635
20210428_clip_34_1615_img_115,20210428,0.008516306170646581,0.004834975254770842,0.004448706706983576,0.004625128614631819,0.004151611628675525,0.004821898416197383,0.007886364926341446,0.007917174764181314,0.008127115241479885,0.008101222920033083,0.008070547485886056,0.008023184755340612,0.007908455096185207
20210428_clip_52_2357_img_115,20210428,0.0,0.0,0.0,0.0,0.002352071788679274,1.357756116995925e-07,0.002987534908842832,0.002987534908842832,0.002987534908842832,0.002987534908842832,0.002987806015269911,0.002987957260218237,0.002987534971907735
20210429_clip_0_0000_img_5,20210429,0.0,0.0,0.0,0.0,0.0,0.0003860486823118279,0.0030350453296344487,0.0030350453296344487,0.0030350453296344487,0.0030350453296344487,0.0030350453296344487,0.003037266952179908,0.0030350452288985252
20210429_clip_18_0819_img_23,20210429,0.004123920515283767,0.0011022517744777567,0.0020880533746943652,0.0,0.0018397907381389274,0.0016478365046069191,0.002831296805234189,0.0028352001513666596,0.002838363421494011,0.002834482598832351,0.0028373580385373924,0.0028391259587771597,0.0028344825841486454
20210429_clip_53_2352_img_115,20210429,0.006110783619573943,0.0,0.0008637916919659518,0.0010625763073947186,0.001037563354451116,0.0005422365130572789,0.0021803915551063873,0.0021863879133252203,0.002192532943050402,0.0021880609284015726,0.0021891883031233844,0.0021901111295282547,0.002186388010159135
20210430_clip_0_0000_img_5,20210430,0.005885778474701493,0.0,0.0006654981689692258,0.0,0.0017597631086647273,0.0013469216898704167,0.002208895742822556,0.002214688115854757,0.00222098307503798,0.002214688115854757,0.002216314035407984,0.0022173393855647837,0.0022146881092339754
20210430_clip_37_1632_img_115,20210430,0.004173529988447787,0.002402969988625577,0.003700487729122485,0.003366781816821448,0.004249517668317175,0.0036555029986031305,0.004879300793486751,0.004861999310294517,0.004948401549044783,0.005002775287738594,0.0048628296179516065,0.004894840575197223,0.004829500336199999
20210430_clip_53_2346_img_115,20210430,0.007909874277093618,0.006648853428233437,0.009735607676073878,0.009860587894904483,0.010291660273242796,0.008846038341967318,0.003936371339922245,0.003931101870874885,0.003889529476758448,0.0038834117175095186,0.003877056908141053,0.00392865181306651,0.003970371559262276
